{
  "Andaman & Nicobar Islands": 356152.0,
  "Andhra Pradesh": 76210007.0,
  "Arunachal Pradesh": 1097968.0,
  "Assam": 26655528.0,
  "Bihar": 82998509.0,
  "Chandigarh": 900635.0,
  "Chhattisgarh": 20833803.0,
  "Dadra & Nagar Haveli": 220490.0,
  "Daman & Diu": 158204.0,
  "Delhi": 13850507.0,
  "Goa": 1347668.0,
  "Gujarat": 50671017.0,
  "Haryana": 21144564.0,
  "Himachal Pradesh": 6077900.0,
  "Jammu & Kashmir": 10143700.0,
  "Jharkhand": 26945829.0,
  "Karnataka": 52850562.0,
  "Kerala": 31841374.0,
  "Lakshadweep": 60650.0,
  "Madhya Pradesh": 60348023.0,
  "Maharashtra": 96878627.0,
  "Manipur": 2293896.0,
  "Meghalaya": 2318822.0,
  "Mizoram": 888573.0,
  "Nagaland": 1990036.0,
  "Odisha": 36804660.0,
  "Puducherry": 974345.0,
  "Punjab": 24358999.0,
  "Rajasthan": 56507188.0,
  "Sikkim": 540851.0,
  "Tamil Nadu": 62405679.0,
  "Tripura": 3199203.0,
  "Uttar Pradesh": 166197921.0,
  "Uttarakhand": 8489349.0,
  "West Bengal": 80176197.0
}